0,2,5,9,14,20,27,35,44,54,65,77,90,104,119,135,152,170,189,209,230,252,275,299,324,350,377,405,434,464,495,527,560,594,629,665,702,740,779,819,860,902,945,989,1034,1080,1127,1175,1224,1274,1325,1377,1430,1484,1539,1595,1652,1710,1769,1829,1890,1952,2015,2079,2144,2210,2277,2345,2414,2484,2555,2627,2700,2774,2849,2925,3002,3080,3159,3239,3320,3402,3485,3569,3654,3740,3827,3915,4004,4094,4185,4277,4370,4464,4559,4655,4752,4850,4949,5049
0,0,6,10,20,26,40,48,57,67,89,101,127,141,156,172,206,224,262,282,303,325,371,395,420,446,473,501,559,589,651,683,716,750,785,821,895,933,972,1012,1094,1136,1222,1266,1311,1357,1451,1499,1548,1598,1649,1701,1807,1861,1916,1972,2029,2087,2205,2265,2387,2449,2512,2576,2641,2707,2841,2909,2978,3048,3190,3262,3408,3482,3557,3633,3710,3788,3946,4026,4107,4189,4355,4439,4524,4610,4697,4785,4963,5053,5144,5236,5329,5423,5518,5614,5808,5906,6005,6105
0,0,0,12,27,33,54,62,71,81,114,126,165,179,194,210,261,279,336,356,377,399,468,492,517,543,570,598,685,715,808,840,873,907,942,978,1089,1127,1166,1206,1329,1371,1500,1544,1589,1635,1776,1824,1873,1923,1974,2026,2185,2239,2294,2350,2407,2465,2642,2702,2885,2947,3010,3074,3139,3205,3406,3474,3543,3613,3826,3898,4117,4191,4266,4342,4419,4497,4734,4814,4895,4977,5226,5310,5395,5481,5568,5656,5923,6013,6104,6196,6289,6383,6478,6574,6865,6963,7062,7162
0,0,0,0,20,32,60,68,86,96,140,152,204,218,233,249,317,335,411,431,452,474,566,590,615,641,668,696,812,842,966,998,1031,1065,1100,1136,1284,1322,1361,1401,1565,1607,1779,1823,1868,1914,2102,2150,2199,2249,2300,2352,2564,2618,2673,2729,2786,2844,3080,3140,3384,3446,3509,3573,3638,3704,3972,4040,4109,4179,4463,4535,4827,4901,4976,5052,5129,5207,5523,5603,5684,5766,6098,6182,6267,6353,6440,6528,6884,6974,7065,7157,7250,7344,7439,7535,7923,8021,8120,8220
0,0,0,0,0,30,65,89,107,117,172,184,249,263,278,294,379,397,492,512,533,555,670,694,719,745,772,800,945,975,1130,1162,1195,1229,1264,1300,1485,1523,1562,1602,1807,1849,2064,2108,2153,2199,2434,2482,2531,2581,2632,2684,2949,3003,3058,3114,3171,3229,3524,3584,3889,3951,4014,4078,4143,4209,4544,4612,4681,4751,5106,5178,5543,5617,5692,5768,5845,5923,6318,6398,6479,6561,6976,7060,7145,7231,7318,7406,7851,7941,8032,8124,8217,8311,8406,8502,8987,9085,9184,9284
0,0,0,0,0,0,42,66,84,114,180,192,270,284,314,330,432,450,564,584,605,627,765,789,839,865,892,920,1094,1124,1310,1342,1375,1409,1444,1480,1702,1740,1779,1819,2065,2107,2365,2409,2454,2500,2782,2830,2879,2929,2980,3032,3350,3404,3459,3515,3572,3630,3984,4044,4410,4472,4535,4599,4664,4730,5132,5200,5269,5339,5765,5837,6275,6349,6424,6500,6577,6655,7129,7209,7290,7372,7870,7954,8039,8125,8212,8300,8834,8924,9015,9107,9200,9294,9389,9485,10067,10165,10264,10364
0,0,0,0,0,0,0,56,119,159,236,233,324,338,368,384,503,521,654,674,695,717,878,902,952,978,1005,1033,1236,1266,1483,1515,1548,1582,1617,1653,1912,1950,1989,2029,2316,2358,2659,2703,2748,2794,3123,3171,3220,3270,3321,3373,3744,3798,3853,3909,3966,4024,4437,4497,4924,4986,5049,5113,5178,5244,5713,5781,5850,5920,6417,6489,7000,7074,7149,7225,7302,7380,7933,8013,8094,8176,8757,8841,8926,9012,9099,9187,9810,9900,9991,10083,10176,10270,10365,10461,11140,11238,11337,11437
0,0,0,0,0,0,0,0,72,112,200,188,292,348,378,394,530,548,700,720,762,784,968,992,1042,1068,1095,1123,1355,1385,1633,1665,1698,1732,1802,1838,2134,2172,2211,2251,2579,2621,2965,3009,3054,3100,3476,3524,3622,3672,3723,3775,4199,4253,4308,4364,4421,4479,4951,5011,5499,5561,5624,5688,5753,5819,6355,6423,6492,6562,7130,7202,7786,7860,7935,8011,8088,8166,8798,8878,8959,9041,9705,9789,9874,9960,10047,10135,10847,10937,11028,11120,11213,11307,11402,11498,12274,12372,12471,12571
0,0,0,0,0,0,0,0,0,90,189,195,312,382,397,445,598,616,787,807,842,864,1071,1095,1145,1171,1198,1226,1487,1517,1796,1828,1861,1895,1965,2001,2334,2372,2411,2451,2820,2862,3249,3293,3338,3384,3807,3855,3953,4003,4054,4106,4583,4637,4692,4748,4805,4863,5394,5454,6003,6065,6128,6192,6257,6323,6926,6994,7063,7133,7772,7844,8501,8575,8650,8726,8803,8881,9592,9672,9753,9835,10582,10666,10751,10837,10924,11012,11813,11903,11994,12086,12179,12273,12368,12464,13337,13435,13534,13634
0,0,0,0,0,0,0,0,0,0,110,170,300,370,400,448,618,654,844,864,906,928,1158,1182,1232,1258,1312,1340,1630,1660,1970,2002,2035,2069,2139,2175,2545,2583,2622,2662,3072,3114,3544,3588,3633,3679,4149,4197,4295,4345,4396,4448,4978,5032,5087,5143,5200,5258,5848,5908,6518,6580,6643,6707,6772,6838,7508,7576,7645,7715,8425,8497,9227,9301,9376,9452,9529,9607,10397,10477,10558,10640,11470,11554,11639,11725,11812,11900,12790,12880,12971,13063,13156,13250,13345,13441,14411,14509,14608,14708
0,0,0,0,0,0,0,0,0,0,0,132,275,359,419,467,654,690,899,959,1001,1023,1276,1300,1375,1401,1455,1483,1802,1832,2173,2205,2238,2272,2342,2378,2785,2823,2862,2902,3353,3395,3868,3912,3957,4003,4520,4568,4666,4716,4767,4819,5402,5456,5511,5567,5624,5682,6331,6391,7062,7124,7187,7251,7316,7382,8119,8187,8256,8326,9107,9179,9982,10056,10131,10207,10284,10362,11231,11311,11392,11474,12387,12471,12556,12642,12729,12817,13796,13886,13977,14069,14162,14256,14351,14447,15514,15612,15711,15811
0,0,0,0,0,0,0,0,0,0,0,0,156,240,300,348,552,588,816,876,918,1050,1326,1350,1425,1451,1505,1533,1881,1911,2283,2315,2381,2415,2485,2521,2965,3003,3042,3082,3574,3616,4132,4176,4221,4267,4831,4879,4977,5027,5078,5130,5766,5820,5930,5986,6043,6101,6809,6869,7601,7663,7726,7790,7855,7921,8725,8793,8862,8932,9784,9856,10732,10806,10881,10957,11111,11189,12137,12217,12298,12380,13376,13460,13545,13631,13718,13806,14874,14964,15055,15147,15240,15334,15429,15525,16689,16787,16886,16986
0,0,0,0,0,0,0,0,0,0,0,0,0,182,377,489,710,731,978,992,1027,1181,1480,1510,1585,1611,1665,1693,2070,2100,2503,2535,2601,2635,2705,2741,3222,3260,3299,3339,3872,3914,4473,4517,4562,4608,5219,5267,5365,5415,5466,5518,6207,6261,6371,6427,6484,6542,7309,7369,8162,8224,8287,8351,8416,8482,9353,9421,9490,9560,10483,10555,11504,11578,11653,11729,11883,11961,12988,13068,13149,13231,14310,14394,14479,14565,14652,14740,15897,15987,16078,16170,16263,16357,16452,16548,17809,17907,18006,18106
0,0,0,0,0,0,0,0,0,0,0,0,0,0,210,322,560,566,832,846,881,1035,1357,1387,1462,1644,1698,1726,2132,2162,2596,2628,2694,2728,2798,2834,3352,3390,3468,3508,4082,4124,4726,4770,4815,4861,5519,5567,5665,5715,5766,5818,6560,6614,6724,6780,6837,6895,7721,7781,8635,8697,8760,8824,8954,9020,9958,10026,10095,10165,11159,11231,12253,12327,12402,12478,12632,12710,13816,13896,13977,14059,15221,15305,15390,15476,15563,15651,16897,16987,17169,17261,17354,17448,17543,17639,18997,19095,19194,19294
0,0,0,0,0,0,0,0,0,0,0,0,0,0,0,240,495,489,774,770,875,1051,1396,1426,1501,1709,1763,1847,2282,2312,2777,2809,2864,2898,3003,3039,3594,3632,3697,3737,4352,4394,5039,5083,5128,5174,5879,5927,6074,6124,6175,6227,7022,7076,7186,7242,7299,7357,8242,8302,9217,9279,9342,9406,9536,9602,10607,10675,10744,10814,11879,11951,13046,13120,13195,13271,13425,13503,14688,14768,14849,14931,16176,16260,16345,16431,16518,16606,17941,18031,18213,18305,18398,18492,18587,18683,20138,20236,20335,20435
0,0,0,0,0,0,0,0,0,0,0,0,0,0,0,0,272,416,720,800,926,1102,1470,1446,1546,1754,1808,1878,2342,2402,2898,2930,2996,3030,3135,3171,3763,3801,3879,3919,4575,4617,5305,5349,5439,5485,6237,6285,6432,6482,6533,6585,7433,7487,7597,7653,7710,7768,8712,8772,9748,9810,9873,9937,10067,10133,11205,11273,11342,11412,12548,12620,13788,13862,13937,14013,14167,14245,15509,15589,15670,15752,17080,17164,17249,17335,17422,17510,18934,19024,19206,19298,19391,19485,19580,19676,21228,21326,21425,21525
0,0,0,0,0,0,0,0,0,0,0,0,0,0,0,0,0,306,629,809,935,1133,1524,1536,1636,1870,1924,2008,2501,2531,3058,3154,3220,3254,3359,3395,4024,4062,4140,4180,4877,4919,5650,5694,5784,5830,6629,6677,6824,6874,6925,6977,7878,7932,8042,8098,8155,8213,9216,9276,10313,10375,10438,10502,10632,10698,11837,11905,11974,12044,13251,13323,14564,14638,14713,14789,14943,15021,16364,16444,16525,16607,18018,18102,18187,18273,18360,18448,19961,20051,20233,20325,20418,20512,20607,20703,22352,22450,22549,22649
0,0,0,0,0,0,0,0,0,0,0,0,0,0,0,0,0,0,342,522,648,846,1260,1272,1372,1606,1660,1744,2266,2296,2854,2950,3016,3322,3427,3463,4129,4167,4245,4285,5023,5065,5839,5883,5973,6019,6865,6913,7060,7110,7212,7264,8218,8272,8382,8438,8495,8553,9615,9675,10773,10835,10898,10962,11092,11158,12364,12432,12501,12571,13849,13921,15235,15309,15384,15460,15614,15692,17114,17194,17275,17357,18851,18935,19105,19191,19278,19366,20968,21058,21240,21332,21425,21519,21614,21710,23456,23554,23653,23753
0,0,0,0,0,0,0,0,0,0,0,0,0,0,0,0,0,0,0,380,779,999,1436,1325,1425,1685,1874,1930,2481,2541,3130,3226,3292,3632,3737,3728,4431,4469,4547,4587,5366,5408,6225,6269,6359,6405,7298,7346,7493,7543,7645,7697,8704,8758,8868,8924,8981,9039,10160,10220,11379,11441,11504,11568,11698,11764,13037,13105,13174,13244,14593,14665,16052,16126,16201,16277,16431,16509,18010,18090,18171,18253,19830,19914,20084,20170,20257,20345,22036,22126,22308,22400,22493,22587,22682,22778,24621,24719,24818,24918
0,0,0,0,0,0,0,0,0,0,0,0,0,0,0,0,0,0,0,0,420,640,1100,968,1068,1328,1517,1573,2153,2213,2833,2929,2995,3335,3440,3431,4171,4551,4629,4669,5489,5531,6391,6435,6525,6571,7511,7559,7706,7756,7858,7910,8970,9024,9134,9190,9304,9362,10542,10602,11822,11884,11947,12011,12141,12207,13547,13615,13684,13754,15174,15246,16706,16780,16855,16931,17085,17163,18743,18823,18904,18986,20646,20730,20900,20986,21073,21161,22941,23031,23213,23305,23398,23492,23682,23778,25718,25816,25915,26015
0,0,0,0,0,0,0,0,0,0,0,0,0,0,0,0,0,0,0,0,0,462,945,915,1440,1726,1915,1999,2608,2353,3004,3100,3133,3507,3612,3603,4380,4798,4863,4983,5844,5886,6789,6833,6923,6969,7956,8004,8151,8201,8286,8338,9451,9505,9615,9671,9766,9824,11063,11123,12404,12466,12529,12593,12723,12789,14196,14264,14333,14403,15894,15966,17499,17573,17648,17724,17878,17956,19615,19695,19776,19858,21601,21685,21855,21941,22028,22116,23985,24075,24257,24349,24442,24536,24726,24822,26859,26957,27056,27156
0,0,0,0,0,0,0,0,0,0,0,0,0,0,0,0,0,0,0,0,0,0,506,770,1320,1606,1822,1990,2628,2348,3030,3126,3192,3566,3706,3670,4484,4902,4980,5100,6002,6086,7032,7076,7166,7212,8246,8294,8490,8540,8642,8694,9860,9914,10024,10080,10194,10252,11550,11610,12952,13014,13140,13204,13334,13400,14874,14942,15011,15081,16643,16715,18321,18395,18470,18546,18700,18778,20516,20596,20677,20759,22585,22669,22839,22925,23012,23100,25058,25148,25330,25422,25515,25609,25799,25895,28029,28127,28226,28326
0,0,0,0,0,0,0,0,0,0,0,0,0,0,0,0,0,0,0,0,0,0,0,552,1127,1439,1655,1823,2490,2185,2898,2994,3258,3666,3806,3770,4621,5077,5155,5275,6218,6302,7291,7423,7513,7559,8640,8688,8884,8934,9036,9088,10307,10361,10526,10582,10696,10754,12111,12171,13574,13636,13762,13826,13956,14022,15563,15631,15700,15770,17403,17475,19154,19228,19303,19379,19610,19688,21505,21585,21666,21748,23657,23741,23911,23997,24084,24172,26219,26309,26491,26583,26676,26770,26960,27056,29287,29385,29484,29584
0,0,0,0,0,0,0,0,0,0,0,0,0,0,0,0,0,0,0,0,0,0,0,0,600,912,1128,1296,1992,1662,2406,2502,2766,3174,3314,3278,4166,4622,4700,4820,5804,5888,6920,7052,7142,7694,8822,8870,9066,9116,9218,9270,10542,10596,10761,10817,10931,10989,12405,12465,13929,13991,14117,14181,14311,14377,15985,16053,16191,16261,17965,18037,19789,19863,19938,20014,20245,20323,22219,22299,22380,22462,24454,24538,24708,24794,24881,24969,27105,27195,27377,27469,27562,27656,27846,27942,30270,30368,30467,30567
0,0,0,0,0,0,0,0,0,0,0,0,0,0,0,0,0,0,0,0,0,0,0,0,0,650,1325,1689,2414,1899,2674,2898,3195,3637,3562,3580,4505,4999,5064,5120,6145,6229,7304,7436,7481,8079,9254,9334,9530,9580,9682,9734,11059,11113,11256,11312,11426,11484,12959,13019,14544,14606,14732,14796,14900,14966,16641,16709,16847,16917,18692,18764,20589,20663,20738,20814,21045,21123,23098,23178,23259,23341,25416,25500,25653,25739,25826,25914,28139,28229,28411,28503,28596,28690,28861,28957,31382,31480,31579,31679
0,0,0,0,0,0,0,0,0,0,0,0,0,0,0,0,0,0,0,0,0,0,0,0,0,0,702,1066,1820,1778,2584,2808,3105,3547,3507,3525,4487,4981,5046,5102,6168,6252,7370,7502,7547,8145,9367,9447,9643,9793,9895,9947,11325,11379,11544,11600,11714,11772,13306,13366,14952,15014,15119,15183,15313,15379,17121,17189,17327,17397,19243,19315,21213,21287,21437,21513,21744,21822,23876,23956,24037,24119,26277,26361,26531,26617,26704,26792,29106,29196,29378,29470,29563,29657,29847,29943,32465,32563,32662,32762
0,0,0,0,0,0,0,0,0,0,0,0,0,0,0,0,0,0,0,0,0,0,0,0,0,0,0,756,1539,1473,2310,2534,2831,3307,3237,3255,4254,4786,5137,5193,6300,6384,7545,7677,7722,8366,9635,9715,9911,10061,10146,10302,11733,11787,11952,12008,12103,12161,13754,13814,15461,15523,15628,15692,15887,15953,17762,17830,17945,18015,19932,20004,21975,22049,22199,22275,22506,22584,24717,24797,24878,24960,27201,27285,27455,27541,27628,27716,30119,30209,30482,30574,30667,30761,30951,31047,33666,33764,33863,33963
0,0,0,0,0,0,0,0,0,0,0,0,0,0,0,0,0,0,0,0,0,0,0,0,0,0,0,0,812,1232,2100,2324,2654,3130,3060,3240,4276,4808,5198,5254,6402,6486,7690,7800,7890,8534,9850,9910,10106,10256,10358,10488,11972,12080,12245,12301,12415,12473,14125,14185,15893,15955,16081,16145,16340,16406,18282,18350,18488,18558,20546,20618,22662,22736,22886,22962,23193,23271,25483,25563,25725,25807,28131,28215,28385,28471,28558,28646,31138,31228,31501,31593,31686,31780,31970,32066,34782,34880,34979,35079
0,0,0,0,0,0,0,0,0,0,0,0,0,0,0,0,0,0,0,0,0,0,0,0,0,0,0,0,0,870,1769,2249,2579,3089,3299,3287,4360,4930,5320,5312,6501,6711,7958,8090,8180,8870,10233,10293,10538,10688,10790,10946,12483,12591,12756,12924,13038,13096,14807,14867,16636,16698,16824,16888,17083,17149,19092,19160,19298,19368,21427,21499,23616,23690,23840,23916,24147,24225,26516,26596,26758,26840,29247,29331,29501,29587,29674,29762,32343,32433,32706,32798,32891,32985,33175,33271,36084,36182,36281,36381
0,0,0,0,0,0,0,0,0,0,0,0,0,0,0,0,0,0,0,0,0,0,0,0,0,0,0,0,0,0,930,1410,1740,2250,2460,2448,3558,4128,4518,4510,5740,5950,7240,7372,7462,8152,9562,9622,9867,10017,10119,10275,11865,11973,12138,12306,12420,13290,15060,15120,16950,17012,17138,17202,17397,17463,19473,19541,19679,19749,21879,21951,24141,24215,24365,24441,24672,24750,27120,27200,27362,27444,29934,30018,30188,30274,30448,30536,33206,33296,33569,33661,33754,33848,34038,34134,37044,37142,37241,37341
0,0,0,0,0,0,0,0,0,0,0,0,0,0,0,0,0,0,0,0,0,0,0,0,0,0,0,0,0,0,0,992,2015,2559,3644,3305,4452,5060,5489,4844,6115,6289,7622,7710,7890,8626,10083,10043,10288,10488,10590,10733,12376,12484,12649,12789,12903,13831,15660,15780,17671,17733,17859,17923,18118,18184,20261,20329,20467,20537,22738,22810,25073,25147,25297,25373,25604,25682,28131,28211,28373,28455,31028,31112,31282,31368,31542,31630,34389,34479,34752,34844,34937,35031,35221,35317,38324,38422,38521,38621
0,0,0,0,0,0,0,0,0,0,0,0,0,0,0,0,0,0,0,0,0,0,0,0,0,0,0,0,0,0,0,0,1056,1600,2720,2348,3532,4140,4569,3889,5201,5375,6751,6839,7019,7755,9259,9219,9464,9664,9766,9909,11605,11713,11878,12018,12132,13060,14948,15068,17020,18012,18138,18202,18397,18463,20607,20675,20813,20883,23155,23227,25563,25637,25787,25863,26094,26172,28700,28780,28942,29024,31680,31764,31934,32020,32194,32282,35130,35220,35493,35585,35771,35865,36055,36151,39255,39353,39452,39552
0,0,0,0,0,0,0,0,0,0,0,0,0,0,0,0,0,0,0,0,0,0,0,0,0,0,0,0,0,0,0,0,0,1122,2277,2163,3384,4030,4459,3944,5297,5399,6818,6950,7130,7912,9463,9567,9812,10012,10063,10219,11968,12076,12230,12398,12493,13479,15426,15486,17499,18553,18679,18871,19066,19132,21343,21411,21526,21596,23939,24011,26420,26494,26644,26720,26951,27029,29636,29716,29878,29960,32699,32783,32953,33039,33184,33272,36209,36299,36572,36664,36819,36913,37103,37199,40400,40498,40597,40697
0,0,0,0,0,0,0,0,0,0,0,0,0,0,0,0,0,0,0,0,0,0,0,0,0,0,0,0,0,0,0,0,0,0,1190,1802,3060,3706,4174,3624,5018,5120,6582,6978,7158,7940,9538,9642,9887,10087,10189,10345,12147,12255,12464,12632,12746,13732,15738,15798,17872,18926,19052,19244,19426,19558,21836,21904,22042,22112,24526,24598,27080,27154,27304,27380,27688,27766,30452,30532,30694,30776,33598,33682,33835,33921,34095,34183,37209,37299,37572,37664,37850,37944,38134,38230,41528,41626,41824,41924
0,0,0,0,0,0,0,0,0,0,0,0,0,0,0,0,0,0,0,0,0,0,0,0,0,0,0,0,0,0,0,0,0,0,0,1260,2555,3239,3707,3087,4522,4624,6129,6525,6705,7533,9178,9282,9527,9727,10339,10495,12350,12458,12667,12835,12949,13993,16058,16118,18253,19369,19495,19687,19869,20001,22346,22550,22688,22758,25243,25315,27870,27944,28094,28170,28478,28556,31321,31401,31563,31645,34550,34634,34872,34958,35132,35220,38335,38425,38698,38790,38976,39070,39241,39337,42732,42830,43028,43128
0,0,0,0,0,0,0,0,0,0,0,0,0,0,0,0,0,0,0,0,0,0,0,0,0,0,0,0,0,0,0,0,0,0,0,0,1332,2016,2484,2844,4320,4572,6120,6516,6696,7524,9216,9240,9534,9734,10346,10502,12410,12518,12738,12906,13020,14064,16188,16248,18444,19560,19686,19878,20073,20205,22617,22821,22959,23169,25725,25797,28425,28499,28649,28725,29033,29111,31955,32035,32197,32279,35267,35351,35606,35692,35866,35954,39158,39248,39521,39613,39799,39893,40083,40179,43671,43769,43967,44067
0,0,0,0,0,0,0,0,0,0,0,0,0,0,0,0,0,0,0,0,0,0,0,0,0,0,0,0,0,0,0,0,0,0,0,0,0,1406,2849,3609,5126,5027,6618,7058,7205,8079,9818,9809,10103,10303,10966,11096,13057,13327,13547,13659,13754,14856,17039,16979,19236,20414,20540,20732,20927,21059,23538,23742,23880,24090,26717,26807,29508,29582,29732,29808,30116,30194,33117,33197,33359,33441,36512,36596,36851,36937,37111,37199,40492,40582,40855,40947,41133,41227,41417,41513,45102,45200,45398,45498
0,0,0,0,0,0,0,0,0,0,0,0,0,0,0,0,0,0,0,0,0,0,0,0,0,0,0,0,0,0,0,0,0,0,0,0,0,0,1482,2242,3800,3662,5296,5736,5883,6757,8543,8534,8828,9028,9691,9821,11835,12105,12325,12437,12532,13634,15876,15816,18134,19312,19438,19630,19825,19957,22503,22707,22845,23055,25753,25843,28617,30023,30173,30249,30557,30635,33637,33717,33879,33961,37115,37199,37454,37540,37714,37802,41184,41274,41547,41639,41825,41919,42109,42205,45891,45989,46187,46287
0,0,0,0,0,0,0,0,0,0,0,0,0,0,0,0,0,0,0,0,0,0,0,0,0,0,0,0,0,0,0,0,0,0,0,0,0,0,0,1560,3159,2985,4662,5102,5207,6127,7960,7951,8245,8445,9108,9238,11305,11575,11795,11907,12648,13808,16109,16049,18428,19668,19794,19986,20181,20313,22926,23130,23245,23455,26224,26314,29161,30641,30791,31019,31327,31405,34486,34566,34728,34810,38047,38131,38386,38472,38617,38705,42176,42266,42539,42631,42786,42880,43165,43261,47044,47142,47340,47440
0,0,0,0,0,0,0,0,0,0,0,0,0,0,0,0,0,0,0,0,0,0,0,0,0,0,0,0,0,0,0,0,0,0,0,0,0,0,0,0,1640,2480,4200,4640,4790,5710,7590,7536,7830,8030,8744,9264,11384,11654,11874,11986,12784,13944,16304,16244,18684,19924,20050,20242,20502,20634,23314,23484,23622,23832,26672,26762,29682,31162,31312,31502,31810,31966,35126,35206,35368,35450,38770,38854,39109,39195,39369,39457,43017,43107,43471,43563,43749,43843,44128,44224,48104,48202,48400,48500
0,0,0,0,0,0,0,0,0,0,0,0,0,0,0,0,0,0,0,0,0,0,0,0,0,0,0,0,0,0,0,0,0,0,0,0,0,0,0,0,0,1722,3485,4409,5039,6005,7932,7872,8166,8616,9330,9902,12075,12093,12280,12448,13246,14464,16883,16775,19276,20578,20683,20875,21135,21234,23981,24185,24323,24533,27444,27534,30527,32081,32156,32384,32692,32822,36061,36301,36463,36545,39948,40032,40287,40373,40547,40635,44284,44374,44738,44830,45016,45110,45395,45491,49468,49566,49764,49864
0,0,0,0,0,0,0,0,0,0,0,0,0,0,0,0,0,0,0,0,0,0,0,0,0,0,0,0,0,0,0,0,0,0,0,0,0,0,0,0,0,0,1806,2730,3360,4326,6300,6240,6534,6984,7698,8270,10496,10514,10701,10869,11667,12885,15363,15255,17817,19119,19224,19416,19676,19775,22589,22793,22931,23141,26123,26213,29279,30833,30908,31136,31444,31574,34892,35132,35294,37016,40502,40586,40841,40927,41101,41189,44927,45017,45381,45473,45659,45753,46038,46134,50208,50306,50504,50604
0,0,0,0,0,0,0,0,0,0,0,0,0,0,0,0,0,0,0,0,0,0,0,0,0,0,0,0,0,0,0,0,0,0,0,0,0,0,0,0,0,0,0,1892,3827,4839,6860,6173,8280,8730,9495,10067,12346,12328,12515,11136,11991,13267,15804,15642,18265,19629,19944,20136,20396,20528,23409,23596,23734,24014,27067,27157,30296,31924,31999,32208,32516,32672,36069,36309,36471,38275,41844,41928,42183,42269,42443,42531,46358,46448,46812,46904,47090,47184,47469,47565,51736,51834,52032,52132
0,0,0,0,0,0,0,0,0,0,0,0,0,0,0,0,0,0,0,0,0,0,0,0,0,0,0,0,0,0,0,0,0,0,0,0,0,0,0,0,0,0,0,0,1980,2992,5060,4328,6484,6934,7699,8271,10603,10585,10772,9344,10199,11475,14071,13909,16593,17957,18272,18464,18724,18856,21804,21991,22129,22409,25533,25623,28835,30463,30538,30747,31055,31211,34687,34927,35089,36893,40545,40629,40884,42776,42950,43038,46954,47044,47408,47500,47686,47780,48065,48161,52429,52527,52725,52825
0,0,0,0,0,0,0,0,0,0,0,0,0,0,0,0,0,0,0,0,0,0,0,0,0,0,0,0,0,0,0,0,0,0,0,0,0,0,0,0,0,0,0,0,0,2070,4185,3939,6144,6594,7359,7983,10368,10350,10845,9368,10223,11557,14212,14050,16795,18221,18536,18728,18949,19279,22294,22498,22567,22847,26042,26132,29417,31119,31194,31422,31807,31963,35518,35758,35920,37806,41541,41625,41880,43858,44003,44267,48272,48362,48726,48818,48973,49067,49352,49448,53813,53911,54109,54209
0,0,0,0,0,0,0,0,0,0,0,0,0,0,0,0,0,0,0,0,0,0,0,0,0,0,0,0,0,0,0,0,0,0,0,0,0,0,0,0,0,0,0,0,0,0,2162,3266,5520,6670,7486,8110,10548,10980,11530,10004,10916,12250,14964,14354,17160,18586,18964,19156,19416,19724,22806,23010,23148,23428,26694,26622,29980,31682,31832,32060,32445,32601,36235,36475,36637,38523,42341,42383,42638,44616,44790,45054,49148,49328,49692,49784,49970,50064,50349,50445,54907,55005,55203,55303
0,0,0,0,0,0,0,0,0,0,0,0,0,0,0,0,0,0,0,0,0,0,0,0,0,0,0,0,0,0,0,0,0,0,0,0,0,0,0,0,0,0,0,0,0,0,0,2256,4559,5759,6575,7199,9690,10122,10672,9097,10009,11401,14174,13514,16381,17869,18247,18439,18699,19007,22156,22360,23464,23744,27081,27009,30440,32216,32366,32594,32979,33135,36848,37088,37250,39218,43119,43161,43416,45480,45654,45918,50101,50281,50645,50921,51107,51201,51486,51582,56141,56239,56437,56537
0,0,0,0,0,0,0,0,0,0,0,0,0,0,0,0,0,0,0,0,0,0,0,0,0,0,0,0,0,0,0,0,0,0,0,0,0,0,0,0,0,0,0,0,0,0,0,0,2352,3552,4368,4992,7536,7968,8518,6894,7806,9198,12030,11370,14298,15786,16164,16356,16616,16924,20140,20344,21448,21728,25136,25064,28568,30344,30494,30722,31107,31263,35055,35295,35457,37425,41409,41451,41706,43770,43944,44208,48480,48660,49024,49300,49486,51742,52027,52123,56779,56877,57075,57175
0,0,0,0,0,0,0,0,0,0,0,0,0,0,0,0,0,0,0,0,0,0,0,0,0,0,0,0,0,0,0,0,0,0,0,0,0,0,0,0,0,0,0,0,0,0,0,0,0,2450,4949,6249,8846,8615,9165,7835,8804,10254,13145,12115,15104,16654,16693,17141,17323,17653,20936,21106,22279,22369,25848,25983,29560,31410,31560,31788,32162,32318,36189,36301,36463,38513,42580,42622,42843,44993,45167,45431,49792,49882,50233,50509,50695,53045,53311,53471,58224,58322,58520,58620
0,0,0,0,0,0,0,0,0,0,0,0,0,0,0,0,0,0,0,0,0,0,0,0,0,0,0,0,0,0,0,0,0,0,0,0,0,0,0,0,0,0,0,0,0,0,0,0,0,0,2550,3850,6500,6218,6768,7496,8465,9915,12865,11835,14885,16435,16537,16985,17167,17497,20847,21017,22190,22280,25830,25902,29552,31402,31552,31780,32165,32321,36271,36383,36545,38595,42745,42787,43008,45158,45332,45596,50046,50136,50500,50776,50962,53312,53578,53738,58588,58980,59178,59278
0,0,0,0,0,0,0,0,0,0,0,0,0,0,0,0,0,0,0,0,0,0,0,0,0,0,0,0,0,0,0,0,0,0,0,0,0,0,0,0,0,0,0,0,0,0,0,0,0,0,0,2652,5355,5025,7830,8558,9527,11035,14044,11815,14926,16538,16640,17088,17335,17599,21016,21186,22359,22519,26140,26212,29935,31859,32159,32387,32772,32915,36944,37056,37218,39350,43583,43583,43838,46074,46219,46483,51022,51112,51476,51752,51907,54351,54636,54796,59743,60135,60333,60633
0,0,0,0,0,0,0,0,0,0,0,0,0,0,0,0,0,0,0,0,0,0,0,0,0,0,0,0,0,0,0,0,0,0,0,0,0,0,0,0,0,0,0,0,0,0,0,0,0,0,0,0,2756,4160,7020,7748,8774,10282,13350,11066,14238,15850,15952,16400,16647,16911,20395,21279,22521,22681,26373,26445,30241,32165,32465,32655,33040,33183,37291,37403,37565,39697,44013,44013,44353,46589,46763,47027,51655,51745,52109,52339,52525,54969,55254,55414,60458,60850,61048,61348
0,0,0,0,0,0,0,0,0,0,0,0,0,0,0,0,0,0,0,0,0,0,0,0,0,0,0,0,0,0,0,0,0,0,0,0,0,0,0,0,0,0,0,0,0,0,0,0,0,0,0,0,0,2862,5777,7289,8315,9881,13008,10621,13854,15528,15570,16018,16733,16997,20548,21500,22742,22902,26665,26737,30606,32604,32904,33132,33517,33894,38081,38193,38355,40569,44968,44968,45291,47613,47787,48051,52768,52858,53313,53589,53775,56313,56598,56758,61899,62291,62489,62789
0,0,0,0,0,0,0,0,0,0,0,0,0,0,0,0,0,0,0,0,0,0,0,0,0,0,0,0,0,0,0,0,0,0,0,0,0,0,0,0,0,0,0,0,0,0,0,0,0,0,0,0,0,0,2970,4482,5508,7074,10260,7818,11112,12786,12828,13276,13991,14255,17873,18825,20067,20227,24061,24133,28075,30073,30373,30601,30986,31363,35629,35741,35903,38117,42599,42599,42922,45244,45418,45682,50488,50578,51033,51309,51495,54033,54318,54478,59716,60108,60306,60606
0,0,0,0,0,0,0,0,0,0,0,0,0,0,0,0,0,0,0,0,0,0,0,0,0,0,0,0,0,0,0,0,0,0,0,0,0,0,0,0,0,0,0,0,0,0,0,0,0,0,0,0,0,0,0,3080,6215,7839,11084,7509,10864,12600,13104,13552,14267,14597,18282,19234,20545,20405,24310,24670,28685,30757,31057,31209,31550,31940,36285,36397,36964,39260,43825,43741,44064,46472,46646,46910,51805,51985,52440,52693,52879,55511,55777,55897,61232,61624,61822,62122
0,0,0,0,0,0,0,0,0,0,0,0,0,0,0,0,0,0,0,0,0,0,0,0,0,0,0,0,0,0,0,0,0,0,0,0,0,0,0,0,0,0,0,0,0,0,0,0,0,0,0,0,0,0,0,0,3192,4816,8120,6908,10324,12060,12564,13012,13792,14452,18204,19156,20467,20327,24303,24663,28751,30823,31123,31275,31693,32083,36507,36619,37186,39482,44130,44046,44386,46794,46968,47232,52216,52396,52799,53052,53238,55870,56155,56275,61707,62099,62297,62597
0,0,0,0,0,0,0,0,0,0,0,0,0,0,0,0,0,0,0,0,0,0,0,0,0,0,0,0,0,0,0,0,0,0,0,0,0,0,0,0,0,0,0,0,0,0,0,0,0,0,0,0,0,0,0,0,0,3306,6669,6243,9720,11518,12715,13675,14455,15115,18934,19954,21265,21118,25165,25015,29176,31322,31622,31850,32312,32702,37205,37189,37756,40134,44865,45033,45373,47867,47954,48218,53291,53471,53926,54202,54357,57083,57368,57488,63017,63507,63705,64005
0,0,0,0,0,0,0,0,0,0,0,0,0,0,0,0,0,0,0,0,0,0,0,0,0,0,0,0,0,0,0,0,0,0,0,0,0,0,0,0,0,0,0,0,0,0,0,0,0,0,0,0,0,0,0,0,0,0,3422,5162,8700,10498,11758,12718,13498,14158,18044,19064,20444,20234,24352,24202,28436,30582,30882,32022,32484,32874,37456,37440,38007,40385,45199,45367,45707,48201,48375,48639,53801,53981,54436,54712,54898,57624,58004,58124,63750,64240,64438,64738
0,0,0,0,0,0,0,0,0,0,0,0,0,0,0,0,0,0,0,0,0,0,0,0,0,0,0,0,0,0,0,0,0,0,0,0,0,0,0,0,0,0,0,0,0,0,0,0,0,0,0,0,0,0,0,0,0,0,0,3540,7139,8999,10259,11219,11999,12659,16612,17632,19012,18802,22991,22841,27148,29368,29668,30808,31270,31660,36321,36305,36872,39332,44229,44397,44737,47317,49057,49321,54572,54752,55207,55483,55669,58489,58869,58989,64712,65202,65400,65700
0,0,0,0,0,0,0,0,0,0,0,0,0,0,0,0,0,0,0,0,0,0,0,0,0,0,0,0,0,0,0,0,0,0,0,0,0,0,0,0,0,0,0,0,0,0,0,0,0,0,0,0,0,0,0,0,0,0,0,0,3660,5520,6780,7740,8520,9180,13200,14220,15600,15390,19650,19500,23880,26100,26400,27540,28002,28392,33132,33116,33683,36143,41123,41291,41631,44211,45951,46215,51555,51735,52190,52466,52652,55472,55852,55972,61792,62282,62480,62780
0,0,0,0,0,0,0,0,0,0,0,0,0,0,0,0,0,0,0,0,0,0,0,0,0,0,0,0,0,0,0,0,0,0,0,0,0,0,0,0,0,0,0,0,0,0,0,0,0,0,0,0,0,0,0,0,0,0,0,0,0,3782,7625,9609,13574,13163,17250,18338,19787,17362,21693,20133,24586,26880,27855,29071,29434,29772,34591,34841,35408,37950,43013,43109,43449,46115,47942,48206,53635,53470,53886,54162,54317,57231,57611,57531,63448,63938,64136,64386
0,0,0,0,0,0,0,0,0,0,0,0,0,0,0,0,0,0,0,0,0,0,0,0,0,0,0,0,0,0,0,0,0,0,0,0,0,0,0,0,0,0,0,0,0,0,0,0,0,0,0,0,0,0,0,0,0,0,0,0,0,0,3906,5890,9920,9446,13600,14688,16137,13647,18049,16489,21015,23309,24284,25500,25863,26201,31099,31349,31916,34458,39604,39700,40040,42706,44533,44797,50315,50150,50566,50842,50997,53911,54291,54211,60225,60715,60913,61163
0,0,0,0,0,0,0,0,0,0,0,0,0,0,0,0,0,0,0,0,0,0,0,0,0,0,0,0,0,0,0,0,0,0,0,0,0,0,0,0,0,0,0,0,0,0,0,0,0,0,0,0,0,0,0,0,0,0,0,0,0,0,0,4032,8127,7593,11814,12902,14351,11796,16269,14643,19242,21610,22585,23801,24164,24502,29479,29729,30296,32920,38149,38245,38585,41337,43164,43428,49035,48870,49286,49562,51515,54523,54903,54823,60934,61424,61622,61872
0,0,0,0,0,0,0,0,0,0,0,0,0,0,0,0,0,0,0,0,0,0,0,0,0,0,0,0,0,0,0,0,0,0,0,0,0,0,0,0,0,0,0,0,0,0,0,0,0,0,0,0,0,0,0,0,0,0,0,0,0,0,0,0,4160,6272,10560,11648,13166,12156,16700,15956,20628,22996,23381,24597,24179,24517,29573,29661,30309,32933,38245,38593,38933,41685,43599,43797,49493,49328,49783,50013,52059,55067,55447,55367,61575,62065,62263,62513
0,0,0,0,0,0,0,0,0,0,0,0,0,0,0,0,0,0,0,0,0,0,0,0,0,0,0,0,0,0,0,0,0,0,0,0,0,0,0,0,0,0,0,0,0,0,0,0,0,0,0,0,0,0,0,0,0,0,0,0,0,0,0,0,0,4290,8645,10889,12407,11337,15952,15724,20469,22911,23226,24518,24100,24438,29573,30061,30709,33415,38810,39014,39235,42073,43987,44251,50036,49871,50326,50602,52648,55750,56073,56281,62586,63076,63274,63494
0,0,0,0,0,0,0,0,0,0,0,0,0,0,0,0,0,0,0,0,0,0,0,0,0,0,0,0,0,0,0,0,0,0,0,0,0,0,0,0,0,0,0,0,0,0,0,0,0,0,0,0,0,0,0,0,0,0,0,0,0,0,0,0,0,0,4422,6666,8184,10494,15180,14952,19770,22212,22602,23894,23476,24334,29548,30036,30684,33390,38868,39072,39378,42216,44130,44394,50268,50028,50574,50850,52896,55998,56378,56586,62988,63478,63676,63896
0,0,0,0,0,0,0,0,0,0,0,0,0,0,0,0,0,0,0,0,0,0,0,0,0,0,0,0,0,0,0,0,0,0,0,0,0,0,0,0,0,0,0,0,0,0,0,0,0,0,0,0,0,0,0,0,0,0,0,0,0,0,0,0,0,0,0,4556,9179,11559,16316,14573,19464,21980,22375,23667,24437,25373,30666,30221,30869,33657,39218,39422,39728,42652,44653,45269,51232,50992,51512,51696,53835,57031,57411,57619,64118,64608,65301,65521
0,0,0,0,0,0,0,0,0,0,0,0,0,0,0,0,0,0,0,0,0,0,0,0,0,0,0,0,0,0,0,0,0,0,0,0,0,0,0,0,0,0,0,0,0,0,0,0,0,0,0,0,0,0,0,0,0,0,0,0,0,0,0,0,0,0,0,0,4692,7072,11900,10088,15052,17568,17963,19255,20025,20961,26333,25888,26536,29324,34968,35172,35478,38402,40403,41019,47071,46831,47351,47535,49674,52870,53250,53458,60054,60544,61237,61457
0,0,0,0,0,0,0,0,0,0,0,0,0,0,0,0,0,0,0,0,0,0,0,0,0,0,0,0,0,0,0,0,0,0,0,0,0,0,0,0,0,0,0,0,0,0,0,0,0,0,0,0,0,0,0,0,0,0,0,0,0,0,0,0,0,0,0,0,0,4830,9729,9075,14112,16702,16957,18325,19095,20031,25482,25037,25685,28555,34282,34486,35676,38686,40687,41303,47444,47204,47724,48000,50139,53429,53771,53979,60672,61162,61855,62075
0,0,0,0,0,0,0,0,0,0,0,0,0,0,0,0,0,0,0,0,0,0,0,0,0,0,0,0,0,0,0,0,0,0,0,0,0,0,0,0,0,0,0,0,0,0,0,0,0,0,0,0,0,0,0,0,0,0,0,0,0,0,0,0,0,0,0,0,0,0,4970,7490,12600,15190,15520,16888,17658,18594,24124,23604,24252,27122,32932,33136,34326,37336,39424,40040,46270,46030,46550,48206,50438,53728,54070,54278,61068,61558,62251,62471
0,0,0,0,0,0,0,0,0,0,0,0,0,0,0,0,0,0,0,0,0,0,0,0,0,0,0,0,0,0,0,0,0,0,0,0,0,0,0,0,0,0,0,0,0,0,0,0,0,0,0,0,0,0,0,0,0,0,0,0,0,0,0,0,0,0,0,0,0,0,0,5112,10295,12959,14759,16127,21594,22530,28139,28259,28907,31859,37752,33713,34988,38084,40172,40656,46975,46585,47131,48787,51019,54403,54783,54831,61718,62306,62999,63219
0,0,0,0,0,0,0,0,0,0,0,0,0,0,0,0,0,0,0,0,0,0,0,0,0,0,0,0,0,0,0,0,0,0,0,0,0,0,0,0,0,0,0,0,0,0,0,0,0,0,0,0,0,0,0,0,0,0,0,0,0,0,0,0,0,0,0,0,0,0,0,0,5256,7920,9720,11088,16632,17568,23256,23376,24024,26976,32952,28836,30111,33207,35295,35779,42187,41797,42343,43999,46231,49615,49995,50043,57027,57615,58308,58528
0,0,0,0,0,0,0,0,0,0,0,0,0,0,0,0,0,0,0,0,0,0,0,0,0,0,0,0,0,0,0,0,0,0,0,0,0,0,0,0,0,0,0,0,0,0,0,0,0,0,0,0,0,0,0,0,0,0,0,0,0,0,0,0,0,0,0,0,0,0,0,0,0,5402,10877,13689,19310,18671,24438,24272,26297,29331,35390,31431,32706,35888,38063,37963,44460,43215,43670,45418,47743,51221,51506,51734,58815,59403,60096,60076
0,0,0,0,0,0,0,0,0,0,0,0,0,0,0,0,0,0,0,0,0,0,0,0,0,0,0,0,0,0,0,0,0,0,0,0,0,0,0,0,0,0,0,0,0,0,0,0,0,0,0,0,0,0,0,0,0,0,0,0,0,0,0,0,0,0,0,0,0,0,0,0,0,0,5550,8362,14060,13346,19192,19026,21051,24085,30227,26191,27466,30648,32823,32723,39309,38064,38519,40267,42592,46070,46355,46583,53761,54349,55042,55022
0,0,0,0,0,0,0,0,0,0,0,0,0,0,0,0,0,0,0,0,0,0,0,0,0,0,0,0,0,0,0,0,0,0,0,0,0,0,0,0,0,0,0,0,0,0,0,0,0,0,0,0,0,0,0,0,0,0,0,0,0,0,0,0,0,0,0,0,0,0,0,0,0,0,0,5700,11475,10689,16614,16370,18395,21511,27736,23623,24898,28166,30341,30241,36916,35671,36126,37874,40199,43771,44056,44284,51559,52147,52840,52820
0,0,0,0,0,0,0,0,0,0,0,0,0,0,0,0,0,0,0,0,0,0,0,0,0,0,0,0,0,0,0,0,0,0,0,0,0,0,0,0,0,0,0,0,0,0,0,0,0,0,0,0,0,0,0,0,0,0,0,0,0,0,0,0,0,0,0,0,0,0,0,0,0,0,0,0,5852,8816,14820,16340,18446,21562,27870,22666,24026,27294,29556,29456,36220,35644,36099,37847,40265,43837,44217,44445,51817,52405,53098,53498
0,0,0,0,0,0,0,0,0,0,0,0,0,0,0,0,0,0,0,0,0,0,0,0,0,0,0,0,0,0,0,0,0,0,0,0,0,0,0,0,0,0,0,0,0,0,0,0,0,0,0,0,0,0,0,0,0,0,0,0,0,0,0,0,0,0,0,0,0,0,0,0,0,0,0,0,0,6006,12089,15209,17315,20513,26904,21474,22834,26188,28450,28266,35119,34543,34998,36838,39256,42922,44442,44670,52139,52727,53420,53820
0,0,0,0,0,0,0,0,0,0,0,0,0,0,0,0,0,0,0,0,0,0,0,0,0,0,0,0,0,0,0,0,0,0,0,0,0,0,0,0,0,0,0,0,0,0,0,0,0,0,0,0,0,0,0,0,0,0,0,0,0,0,0,0,0,0,0,0,0,0,0,0,0,0,0,0,0,0,6162,9282,11388,14586,21060,20712,22072,25426,27688,28568,35510,34424,34970,36810,39228,42894,44414,44396,51962,52550,53342,53742
0,0,0,0,0,0,0,0,0,0,0,0,0,0,0,0,0,0,0,0,0,0,0,0,0,0,0,0,0,0,0,0,0,0,0,0,0,0,0,0,0,0,0,0,0,0,0,0,0,0,0,0,0,0,0,0,0,0,0,0,0,0,0,0,0,0,0,0,0,0,0,0,0,0,0,0,0,0,0,6320,12719,15999,22556,20105,21465,24905,27254,28134,35165,34007,35099,36939,39450,43210,44730,44622,52285,52873,53665,54065
0,0,0,0,0,0,0,0,0,0,0,0,0,0,0,0,0,0,0,0,0,0,0,0,0,0,0,0,0,0,0,0,0,0,0,0,0,0,0,0,0,0,0,0,0,0,0,0,0,0,0,0,0,0,0,0,0,0,0,0,0,0,0,0,0,0,0,0,0,0,0,0,0,0,0,0,0,0,0,0,6480,9760,16400,13868,15228,18668,21017,21897,29017,27859,28951,30791,33302,37062,38582,38474,46234,46822,47614,48014
0,0,0,0,0,0,0,0,0,0,0,0,0,0,0,0,0,0,0,0,0,0,0,0,0,0,0,0,0,0,0,0,0,0,0,0,0,0,0,0,0,0,0,0,0,0,0,0,0,0,0,0,0,0,0,0,0,0,0,0,0,0,0,0,0,0,0,0,0,0,0,0,0,0,0,0,0,0,0,0,0,6642,13365,12435,19320,22846,25195,27043,34252,28699,29791,31723,34234,38088,39703,39583,47440,48028,48451,49351
0,0,0,0,0,0,0,0,0,0,0,0,0,0,0,0,0,0,0,0,0,0,0,0,0,0,0,0,0,0,0,0,0,0,0,0,0,0,0,0,0,0,0,0,0,0,0,0,0,0,0,0,0,0,0,0,0,0,0,0,0,0,0,0,0,0,0,0,0,0,0,0,0,0,0,0,0,0,0,0,0,0,6806,10250,17220,20746,23182,25030,32328,28148,29240,31172,33776,37630,39245,39125,47079,47667,48189,49089
0,0,0,0,0,0,0,0,0,0,0,0,0,0,0,0,0,0,0,0,0,0,0,0,0,0,0,0,0,0,0,0,0,0,0,0,0,0,0,0,0,0,0,0,0,0,0,0,0,0,0,0,0,0,0,0,0,0,0,0,0,0,0,0,0,0,0,0,0,0,0,0,0,0,0,0,0,0,0,0,0,0,0,6972,14027,17639,20075,21923,29310,25045,26137,28069,30673,34621,36236,36116,44167,44755,45277,46177
0,0,0,0,0,0,0,0,0,0,0,0,0,0,0,0,0,0,0,0,0,0,0,0,0,0,0,0,0,0,0,0,0,0,0,0,0,0,0,0,0,0,0,0,0,0,0,0,0,0,0,0,0,0,0,0,0,0,0,0,0,0,0,0,0,0,0,0,0,0,0,0,0,0,0,0,0,0,0,0,0,0,0,0,7140,10752,13188,15036,22512,18162,19254,21186,23790,27738,29353,29233,37381,37969,38491,39391
0,0,0,0,0,0,0,0,0,0,0,0,0,0,0,0,0,0,0,0,0,0,0,0,0,0,0,0,0,0,0,0,0,0,0,0,0,0,0,0,0,0,0,0,0,0,0,0,0,0,0,0,0,0,0,0,0,0,0,0,0,0,0,0,0,0,0,0,0,0,0,0,0,0,0,0,0,0,0,0,0,0,0,0,0,7310,14705,18489,26054,19359,27094,29118,31815,35857,37472,36098,44343,42096,42438,43338
0,0,0,0,0,0,0,0,0,0,0,0,0,0,0,0,0,0,0,0,0,0,0,0,0,0,0,0,0,0,0,0,0,0,0,0,0,0,0,0,0,0,0,0,0,0,0,0,0,0,0,0,0,0,0,0,0,0,0,0,0,0,0,0,0,0,0,0,0,0,0,0,0,0,0,0,0,0,0,0,0,0,0,0,0,0,7482,11266,18920,17918,25744,27768,30465,34507,36217,34843,43185,40847,41189,42089
0,0,0,0,0,0,0,0,0,0,0,0,0,0,0,0,0,0,0,0,0,0,0,0,0,0,0,0,0,0,0,0,0,0,0,0,0,0,0,0,0,0,0,0,0,0,0,0,0,0,0,0,0,0,0,0,0,0,0,0,0,0,0,0,0,0,0,0,0,0,0,0,0,0,0,0,0,0,0,0,0,0,0,0,0,0,0,7656,15399,14313,22230,24254,26951,31087,32797,31333,39772,37441,37783,38683
0,0,0,0,0,0,0,0,0,0,0,0,0,0,0,0,0,0,0,0,0,0,0,0,0,0,0,0,0,0,0,0,0,0,0,0,0,0,0,0,0,0,0,0,0,0,0,0,0,0,0,0,0,0,0,0,0,0,0,0,0,0,0,0,0,0,0,0,0,0,0,0,0,0,0,0,0,0,0,0,0,0,0,0,0,0,0,0,7832,11792,19800,21824,24614,28750,30460,28996,37532,35110,35452,36352
0,0,0,0,0,0,0,0,0,0,0,0,0,0,0,0,0,0,0,0,0,0,0,0,0,0,0,0,0,0,0,0,0,0,0,0,0,0,0,0,0,0,0,0,0,0,0,0,0,0,0,0,0,0,0,0,0,0,0,0,0,0,0,0,0,0,0,0,0,0,0,0,0,0,0,0,0,0,0,0,0,0,0,0,0,0,0,0,0,8010,16109,20249,23039,27269,28979,28487,37120,34705,35695,36595
0,0,0,0,0,0,0,0,0,0,0,0,0,0,0,0,0,0,0,0,0,0,0,0,0,0,0,0,0,0,0,0,0,0,0,0,0,0,0,0,0,0,0,0,0,0,0,0,0,0,0,0,0,0,0,0,0,0,0,0,0,0,0,0,0,0,0,0,0,0,0,0,0,0,0,0,0,0,0,0,0,0,0,0,0,0,0,0,0,0,8190,12330,15120,19350,21060,20568,29298,26792,27782,28682
0,0,0,0,0,0,0,0,0,0,0,0,0,0,0,0,0,0,0,0,0,0,0,0,0,0,0,0,0,0,0,0,0,0,0,0,0,0,0,0,0,0,0,0,0,0,0,0,0,0,0,0,0,0,0,0,0,0,0,0,0,0,0,0,0,0,0,0,0,0,0,0,0,0,0,0,0,0,0,0,0,0,0,0,0,0,0,0,0,0,0,8372,16835,21159,29804,26525,35352,32762,35831,31386
0,0,0,0,0,0,0,0,0,0,0,0,0,0,0,0,0,0,0,0,0,0,0,0,0,0,0,0,0,0,0,0,0,0,0,0,0,0,0,0,0,0,0,0,0,0,0,0,0,0,0,0,0,0,0,0,0,0,0,0,0,0,0,0,0,0,0,0,0,0,0,0,0,0,0,0,0,0,0,0,0,0,0,0,0,0,0,0,0,0,0,0,8556,12880,21620,18248,27172,31680,34749,30209
0,0,0,0,0,0,0,0,0,0,0,0,0,0,0,0,0,0,0,0,0,0,0,0,0,0,0,0,0,0,0,0,0,0,0,0,0,0,0,0,0,0,0,0,0,0,0,0,0,0,0,0,0,0,0,0,0,0,0,0,0,0,0,0,0,0,0,0,0,0,0,0,0,0,0,0,0,0,0,0,0,0,0,0,0,0,0,0,0,0,0,0,0,8742,17577,16323,25344,29950,33019,28484
0,0,0,0,0,0,0,0,0,0,0,0,0,0,0,0,0,0,0,0,0,0,0,0,0,0,0,0,0,0,0,0,0,0,0,0,0,0,0,0,0,0,0,0,0,0,0,0,0,0,0,0,0,0,0,0,0,0,0,0,0,0,0,0,0,0,0,0,0,0,0,0,0,0,0,0,0,0,0,0,0,0,0,0,0,0,0,0,0,0,0,0,0,0,8930,13442,22560,27166,30334,25704
0,0,0,0,0,0,0,0,0,0,0,0,0,0,0,0,0,0,0,0,0,0,0,0,0,0,0,0,0,0,0,0,0,0,0,0,0,0,0,0,0,0,0,0,0,0,0,0,0,0,0,0,0,0,0,0,0,0,0,0,0,0,0,0,0,0,0,0,0,0,0,0,0,0,0,0,0,0,0,0,0,0,0,0,0,0,0,0,0,0,0,0,0,0,0,9120,18335,23039,26207,21387
0,0,0,0,0,0,0,0,0,0,0,0,0,0,0,0,0,0,0,0,0,0,0,0,0,0,0,0,0,0,0,0,0,0,0,0,0,0,0,0,0,0,0,0,0,0,0,0,0,0,0,0,0,0,0,0,0,0,0,0,0,0,0,0,0,0,0,0,0,0,0,0,0,0,0,0,0,0,0,0,0,0,0,0,0,0,0,0,0,0,0,0,0,0,0,0,9312,14016,17184,19584
0,0,0,0,0,0,0,0,0,0,0,0,0,0,0,0,0,0,0,0,0,0,0,0,0,0,0,0,0,0,0,0,0,0,0,0,0,0,0,0,0,0,0,0,0,0,0,0,0,0,0,0,0,0,0,0,0,0,0,0,0,0,0,0,0,0,0,0,0,0,0,0,0,0,0,0,0,0,0,0,0,0,0,0,0,0,0,0,0,0,0,0,0,0,0,0,0,9506,19109,24009
0,0,0,0,0,0,0,0,0,0,0,0,0,0,0,0,0,0,0,0,0,0,0,0,0,0,0,0,0,0,0,0,0,0,0,0,0,0,0,0,0,0,0,0,0,0,0,0,0,0,0,0,0,0,0,0,0,0,0,0,0,0,0,0,0,0,0,0,0,0,0,0,0,0,0,0,0,0,0,0,0,0,0,0,0,0,0,0,0,0,0,0,0,0,0,0,0,0,9702,14602
0,0,0,0,0,0,0,0,0,0,0,0,0,0,0,0,0,0,0,0,0,0,0,0,0,0,0,0,0,0,0,0,0,0,0,0,0,0,0,0,0,0,0,0,0,0,0,0,0,0,0,0,0,0,0,0,0,0,0,0,0,0,0,0,0,0,0,0,0,0,0,0,0,0,0,0,0,0,0,0,0,0,0,0,0,0,0,0,0,0,0,0,0,0,0,0,0,0,0,9900
0,0,0,0,0,0,0,0,0,0,0,0,0,0,0,0,0,0,0,0,0,0,0,0,0,0,0,0,0,0,0,0,0,0,0,0,0,0,0,0,0,0,0,0,0,0,0,0,0,0,0,0,0,0,0,0,0,0,0,0,0,0,0,0,0,0,0,0,0,0,0,0,0,0,0,0,0,0,0,0,0,0,0,0,0,0,0,0,0,0,0,0,0,0,0,0,0,0,0,0
